{"cameraMode":{"drawMode":0,"name":"Shaded","section":"Shading Mode"},"sceneLighting":true,"audioPlay":false,"sceneViewState":{"m_AlwaysRefresh":false,"showFog":true,"showSkybox":true,"showFlares":true,"showImageEffects":true,"showParticleSystems":true,"showVisualEffectGraphs":true,"m_FxEnabled":true},"in2DMode":false,"pivot":{"x":0.29600000381469729,"y":1.8799999952316285,"z":0.010999999940395356},"rotation":{"x":-0.16435155272483827,"y":0.7426841855049133,"z":-0.1974780261516571,"w":-0.6185480952262878},"size":3.0907607078552248,"orthographic":false}